AntiVirus/Spyware,Backup,File Managers/Browsers ,CD/DVD/ISO Edit/Recover/Burn,Cleaners,Device Drivers,Editors / Viewers,FileSystem,Hard Disk / Storage,Internet,Network,Optimizers,Partition / Boot / MBR,Passwords / Keys,Process,Recovery,Registry,Remote Control,Security / Encryption,Startup,System Information,Testing,Tweakers,USB Tools,Windows Installation Tools,Other
Avast Antivirus (updatable),Acronis\Backup & Recovery (Universal Restore),7-Zip File Manager,ImgBurn (CD-DVD Burner),Clear HBCD from system (including Winmounts) ,3DP Chip (Detect and download drivers),Atlantis Word Processor,Alternate Stream View (NTFS),Check Disk (chkdsk /f /x),Everything (HTTP/FTP Server && File Search),Angry IP Scanner,Defraggler,Acronis Disk Director,Product Keys\WinKeyFinder,Dependency Walker,CardRecovery,Avast! Registry Editor,Join.me (ONLINE),Data Shredder,AutoRuns (All Startups),AIDA64 Extreme Edition,Bart's Stuff Test,Dial a Fix (not for vista/7),CardRecovery,Windows Installation\WinNTSetup (Fast install XP/Vista/7/2k3/2k8),Calculator (Microsoft)
AvastPE.cmd,abr11.cmd,7-Zip.cmd,ImgBurn.cmd,deleteHBCD.cmd,3DPChip.cmd,AtlantisWord.cmd,AlternateStreamView.cmd,CheckDisk.cmd,Everything.cmd,AngryIPScanner.cmd,Defraggler.cmd,DiskDirector.cmd,WinKeyFinder.cmd,DependencyWalker.cmd,CardRecovery.cmd,AVAST!REGEDIT.bat,JoinMe.cmd,Shredder.cmd,AutoRuns.cmd,AIDA64.bat,BartsStuffTest.cmd,DialAFix.cmd,CardRecovery.cmd,WinNTSetup.cmd,mscalc.cmd
Avira AntiVir Personal (Free Antivirus),Acronis\True Image Home (Universal Restore),Bulk Rename Utility,InfraRecorder (CD-DVD Burner),Clear Temp Folder,Device Doctor (Download Drivers),PhotoFiltre (Image Editor),Explore2fs (Linux ext2/ext3),CrystalDiskInfo (HDD/SSD SMART info),Mozilla Firefox,Complete Internet Repair,MyDefrag,Auto Mount Drives,Product Keys\License Crawler,Delete Doctor (Hard to delete),DataRescueDD (Damaged HDD),ERUNT (The Emergency Recovery Utility NT),PuTTY (SSH Client),DiskCryptor,HijackThis,BattStat (Battery Status),Disk Speed,Disable Autorun.inf (Protect from USB/CD virus),Flash Memory Toolkit (Includes  Benchmarks) ,Windows Installation\NT 6.x Fast Installer (Install vista/7 from MiniXp),Scientific Calculator
AviraAntiVir.cmd,TrueImage.cmd,BulkRenameUtility.cmd,InfraRecorder.cmd,ClearTemp.bat,DeviceDoctor.cmd,PhotoFiltre.cmd,Explore2fs.cmd,CrystalDiskInfo.cmd,firefox.cmd,CompleteInternetRepair.cmd,MyDefrag.cmd,AutoMountDrives.cmd,LicenseCrawler.cmd,DeleteDoctor.cmd,DataRescueDD.cmd,ERUNT.cmd,PuTTY.cmd,DiskCryptor.cmd,HijackThis.cmd,BattStat.cmd,DiskSpeed.cmd,DisableAutorun.cmd,FlashMemoryToolkit.cmd,NT6xFastInstaller.cmd,fxcalc.cmd
ClamWin Free Antivirus,Acronis\Seagate DiscWizard/TrueImage 9 (From MiniXp),EasyUHA (Create/Extract .uha),IsoBuster (For CD/DVD Recovery),All Users Temp Cleaner (Offline/Minixp),DoubleDriver (Backup),HxD (Hex/Disk/RAM Editor),Ext2Explore (Linux ext2/ext3/ext4),DiskView,Opera Web Browser,CurrPorts (Who is using network?),NT Registry Optimizer,BellaVista (BCD Editor),Product Keys\ProduKey (Windows Key Viewer),IBProcMan (Process manager),DiskDigger,Fix hard disk controller (fix_hdc.cmd),TeamViewer 7,EFSRecovery (Recover encrypted files),ServiWin (Services / Drivers),BlueScreenView,HDD Scan,Disable Compress Old Files,RMPrepUSB (Make USB Bootable),XP Make Genuine,Calcute (Scientific Calculator)
ClamWinFreeAntivirus.cmd,Atih9.cmd,EasyUHA.exe,IsoBuster.cmd,AllUsersTempCleaner.cmd,DoubleDriver.cmd,HxD.cmd,Ext2Explore.cmd,DiskView.cmd,OperaWebBrowser.cmd,CPorts.cmd,NtRegOpt.cmd,BellaVista.cmd,ProduKey.cmd,IBProcMan.exe,DiskDigger.cmd,FixHDC.cmd,TeamViewer.cmd,EFSRecovery.cmd,ServiWin.cmd,BlueScreenView.cmd,HDDScan.cmd,DisableCompressOldFiles.cmd,RMPrepUSB.cmd,Xpvalidate.cmd,Calcute.cmd
ComboFix (Malware Removal),TeraByte\Backup (Image for Windows),ERD Explorer,UltraISO,ATF Cleaner (For Xp/2000 only),Driver Forge,IrfanView (Image Viewer/Editor),Ext2fsd (Mount Linux ext2/3 drives under MiniXp),DiskWipe (by Roadkil),PuTTY (SSH Client),Network Password Recovery,PageDfrg (Defrag System files),BootICE (Boot sector install/change),Product Keys\Windows Xp Product Key Update Tool (from Microsoft),KillBox (delete in-use files),DiskGenius,Glary Registry Repair,TeamViewer 6 (MiniXp),EncFS,SilentRunners (VBS Script),Browsing History View (IE/Firefox/Chrome/Safari),Test USB (H2testw),Edit Hosts File,Rufus (USB Format),Remove WGA,Command Prompt (cmd.exe)
ComboFix.cmd,ImageForWindows.cmd,ERDExplorer.cmd,UltraISO.bat,ATFCleaner.cmd,DriverForge.cmd,IrfanView.cmd,Ext2fsd.cmd,DiskWipe.cmd,PuTTY.cmd,NetworkPasswordRecovery.cmd,PageDfrg.cmd,BootICE.cmd,XpKeyUpdateTool.cmd,KillBox.exe,DiskGenius.cmd,GlaryRegistryRepair.cmd,TeamViewer6.cmd,EncFS.cmd,SilentRunners.cmd,BrowsingHistoryView.cmd,TestUSB.cmd,EditHosts.cmd,Rufus.cmd,RemoveWGA.cmd,cmd.exe
Dr.Web CureIt! Antivirus (Downloadable),TeraByte\Image Explorer,Everything (File Search && HTTP/FTP Server),WinMount,CCleaner,PCI32 (device info),Notepad++,FileDisk Mount Tool (for ISO/BIN/NRG/MDF/IMA/IMG for 32bit only),Drevitalize (Read bad sectors),Internet Download Manager,PuTTY (SSH Client),Drevitalize (Read bad sectors),DiskGenius (AKA PartitionGuru pro),Product Keys\XP Key Reader / Changer,OpenedFilesView,Drevitalize (Read bad sectors),NT Registry Optimizer,TightVNC\Server,FreeOTFE,StartupCPL,CrystalDiskInfo (Browser Interface),MemTest,EzPCFix,SD Formatter,Remove WAT,PowerCmd
DrWebCureIt.cmd,tbiview.cmd,Everything.cmd,winmnt.cmd,CCleaner.cmd,PCI32.cmd,Notepad.cmd,Filedisk.cmd,Drevitalize.cmd,IDM.cmd,PuTTY.cmd,Drevitalize.cmd,DiskGenius.cmd,XPKeyReader.cmd,OpenedFilesView.cmd,Drevitalize.cmd,NtRegOpt.cmd,TightVNCServer.cmd,FreeOTFE.cmd,StartupCPL.cmd,crystaldisk.cmd,MemTest.cmd,EzPCFix.cmd,SDFormatter.cmd,RemoveWAT.cmd,pwrcmd.cmd
GMER (Rootkit Detector),TeraByte\Mount,Explore2fs (Linux ext2/ext3),,Cleanup!,Remove All Non Present Drivers,Notepad2 (small fast  editor),FileMon,HDD Capacity Restore,TeamViewer 7,Router IP / Passwords,,Fat32 Formatter GUI,Windows Login\Autologon,Process Activity View,Easeus Data Recovery Wizard,RegScanner,TightVNC\Viewer,TrueCrypt,StartupMonitor,CPU-Z,Monitor Tester (LCD),File Types Manager,Test USB (H2testw),Windows7Loader,Don't Sleep (temporarily disable Standby/Shutdown)
GMER.cmd,tbimount.cmd,Explore2fs.cmd,,Cleanup.cmd,RemoveNonPresentDrivers.cmd,Notepad2.cmd,FileMon.cmd,HDDCapacityRestore.cmd,TeamViewer.cmd,RouterPasswords.cmd,,Fat32Formatter.cmd,Autologon.cmd,ProcessActivityView.cmd,EaseusDRW.cmd,RegScanner.cmd,TightVNCViewer.cmd,TrueCrypt.cmd,StartupMonitor.exe,CPUz.cmd,MonitorTester.cmd,FileTypesMan.cmd,TestUSB.cmd,Windows7Loader.cmd,DontSleep.cmd
HitmanPro (Remove ransomware),Drivers\DoubleDriver,Ext2Explore (Linux ext2/ext3/ext4),,CloneSpy (Find Duplicates),Remove All Non Present Drivers,Spread32 (Excel Spreadsheet),ImDisk Virtual Disk (Mount ISO/IMG/Images 32/64bit),HDD Low Level Format Tool,TeamViewer 6 (MiniXp),SmartSniff (Network monitoring),,Grub4Dos Installer,Windows Login\NTPWEdit (Reset Xp/Vista/7 User Password),Process Explorer,EFSRecovery (Recover encrypted files),Registry Backup && Restore Tool,,,,Dtemp (Drive Temperature),Prime95 (CPU/Ram Stress Test),Installed Codec,USB Format Tool,Product Keys\WinKeyFinder,Force Shutdown\Restart (Reboot)
HitmanPro.cmd,DoubleDriver.cmd,Ext2Explore.cmd,,CloneSpy.cmd,SkyIAR.cmd,Spread32.cmd,ImDiskInstall.cmd,HDDLowLevelFormat.cmd,TeamViewer6.cmd,SmartSniff.cmd,,Grub4DosInstaller.cmd,NTPWEdit.cmd,ProcessExplorer.cmd,EFSRecovery.cmd,RegistryBackup.cmd,,,,DTemp.cmd,Prime95.cmd,InstalledCodec.cmd,USBFormat.cmd,WinKeyFinder.cmd,ForceRestart.cmd
Malwarebytes' Anti-Malware,Drivers\SmartDriverBackup,Hash My Files,,Data Shredder,Smart Driver Backup,Sumatra PDF Viewer,Junction.exe (To Delete/Create Vista/7 Links),HDD Scan (Low-level diagnostic),Tor Browser (anonymous web browsing),SoftPerfect Network Scanner,,HDHacker (MBR Load/Save),Windows Login\Password Renew (Reset User Password - NOT 4 Vista/7 64bit),Process Monitor,GetDataBack \For NTFS,Registry Editor PE,,,,GPU-Z,S && M Stress Tests,KeyTweak (Broken keyboard Remap),USB WriteProtector,Product Keys\License Crawler,Force Shutdown\Shutdown (Turn off)
MBAM.cmd,SmartDriverBackup.cmd,HashMyFiles.cmd,,Shredder.cmd,SmartDriverBackup.cmd,SumatraPDF.cmd,JunctionDelete.cmd,HDDScan.cmd,TorBrowser.cmd,SoftPerfectNetworkScanner.cmd,,HDHacker.cmd,PasswordRenew.cmd,ProcessMonitor.cmd,GetDataNTFS.cmd,RegEditPE.cmd,,,,GPU-Z.cmd,SM-StressTests.cmd,KeyTweak.cmd,USBWriteProtector.cmd,LicenseCrawler.cmd,ForceShutdown.cmd
Remove Fake Antivirus,CloneDisk,Opera Web Browser,,Delete Doctor (Undeletable files),UnknownDevices (device info),WxHexEditor,NTFS Access (to set permissions),HDD Scan (Old version),,TCPView (TCP/UDP connections),,MBRCheck,Windows Login\WindowsGate (Disables logon password validation),RKill (Spyware Process Killer),GetDataBack \For FAT,Registry/Process Monitor,,,,HD Tune,Victoria (HDD Info / Test),Protect a Drive from Autorun Virus,USBDeview (Uninstall USB devices),Product Keys\ProduKey (Windows Key Viewer),Hiren's BootCD Customizer
RemoveFakeAntivirus.cmd,CloneDisk.cmd,OperaWebBrowser.cmd,,DeleteDoctor.cmd,UnknownDevices.cmd,wxhex.cmd,NTFSAccess.cmd,HDDScan28.cmd,,TCPView.cmd,,MBRCheck.cmd,WindowsGate.cmd,R-Kill.com,GetDataFAT.cmd,ProcessMonitor.cmd,,,,HDTune.cmd,Victoria.cmd,ProtectDriveFromAutorunVirus.cmd,USBDeview.cmd,ProduKey.cmd,HBCDCustomizer.exe
RKill (Spyware Process Killer),CopyWipe,Search My Files (also find duplicates),,Delete %TEMP%/HBCD Folder,USBDeview (Uninstall USB devices),WinHex,NTFS Links View,HD Tune (Test / Health / ErrorScan),,TFtpd32 (Boot from LAN),,Paragon Hard Disk Manager,PSPR (Password recovery),RunAsDate,HDD Scan,RegFromApp (Monitor Changes),,,,HwiNFO32,Video Memory Stress Test,RRT - Remove Restrictions Tool,,Product Keys\Windows Xp Product Key Update Tool (from Microsoft),Mouse Emulator (Use keyboard as a mouse)
R-Kill.com,CopyWipe.cmd,SearchMyFiles.cmd,,DeleteTempHBCD.cmd,USBDeview.cmd,WinHex.cmd,NTFSLinksView,HDTune.cmd,,TFtpd32.cmd,,HDM12S.cmd,pspr.cmd,RunAsDate.cmd,HDDScan.cmd,RegFromApp.cmd,,,,HWiNFO32.bat,VideoMemoryStressTest.cmd,RemoveRestrictionsTool.cmd,,XpKeyUpdateTool.cmd,MouseEmulator.cmd
RootkitRevealer,DataRescue DD (Backup Damaged HDD),Tor Browser (anonymous web browsing),,Duplicate File Finder,,,NewSID,Victoria (HDD Info / Test),,WIFI Info View (Wireless info),,Partition Find and Mount,PassWareKit (Crack Password Protected Files),Unlocker (delete in-use files),IsoBuster (For CD/DVD Recovery),Registry Workshop,,,,LookInMyPC,,RemoveWGA,,Product Keys\XP Key Reader / Changer,Ninite (Auto Install multiple apps - ONLINE)
RootkitRevealer.cmd,DataRescueDD.cmd,TorBrowser.cmd,,DuplicateFileFinder.cmd,,,NewSID.cmd,Victoria.cmd,,WifiInfoView.cmd,,PartitionFindAndMount.cmd,passware.cmd,Unlocker.cmd,IsoBuster.cmd,RegWorkshop.cmd,,,,LookInMyPC.cmd,,RemoveWGA.cmd,,XPKeyReader.cmd,Ninite.cmd
Spybot Search && Destroy,DiskImage (by Roadkil),Total Commander,,Glary Registry Repair/Cleanup,,,Virtual Floppy Drive,Western Digital Data Lifeguard Diagnostic,,WinSCP (FTP Client),,PartitionGuru ,Active Password Changer,,MiniTool Power Data Recovery,RegMon,,,,PCI32 (device info),,Shell Extensions Manager,,,On-Screen Keyboard (Use mouse as a keyboard)
SpybotSD.cmd,DiskImage.cmd,TotalCommander.cmd,,GlaryRegistryRepair.cmd,,,VirtualFloppyDrive.cmd,WDDataLifeguardDiagnostic.cmd,,WinSCP.cmd,,PartitionGuru.cmd,ActivePWC.cmd,,PowerDataRecovery.cmd,Regmon.cmd,,,,PCI32.cmd,,ShExView.cmd,,,OnScreenKeyboard.cmd
SuperAntispyware (Downloadable),DriveImage XML,WinMerge (File/Folder Diff),,McAfee Removal Tool,,,WinMount (Compress and mount tool),Windows Surface Scanner,,Wireless Key Viewer,,Partition Wizard (Server Edition),BIOS Master Password Generator,,Partition Find and Mount,Registry Restore Wizard,,,,PC Wizard,,Shell Menu New,,,WinRAR
SuperAntispyware.cmd,DriveImageXML.cmd,WinMerge.cmd,,McAfeeRemovalTool.cmd,,,winmnt.cmd,WindowsSurfaceScanner.cmd,,WirelessKeyView.cmd,,PartitionWizard.cmd,BIOSMasterPasswordGenerator.cmd,,PartitionFindAndMount.cmd,RegRestoreWizard.cmd,,,,PCWizard.cmd,,ShellMenuNew.cmd,,,WinRAR.bat
TDSSKiller (Rootkit Remover),Dsynchronize,,,MyUninstaller,,,,WinMount (Compress and mount tool),,Wireless Net View,,RMPrepUSB (Make USB Bootable),Bullets Pass View (Reveal password behind dots),,PartitionRecovery,RegShot,,,,SIW (Sys Info for Win),,Show Hidden Devices in Device Manager,,,
TDSSKiller.cmd,dsync.cmd,,,MyUninstaller.cmd,,,,winmnt.cmd,,WirelessNetView.cmd,,RMPrepUSB.cmd,BulletsPassView.cmd,,PartitionRecovery.cmd,RegShot.cmd,,,,SiwSystemInformation.cmd,,ShowHiddenDevices.cmd,,,
,ERUNT (The Emergency Recovery Utility NT),,,Norton Removal Tool,,,,,,XP TCPIP Winsock Repair,,USB Format Tool,ClearLock (Lock your PC),,PhotoRec (Deleted photos),,,,,Speccy,,TweakUI,,,
,ERUNT.cmd,,,NortonRemovalTool.cmd,,,,,,XpTCPIPWinsockRepair.cmd,,USBFormat.cmd,ClearLock.cmd,,PhotoRec.cmd,,,,,Speccy.cmd,,TweakUI.cmd,,,
,FastCopy,,,PC Decrapifier (Remove Bundled Software),,,,,,,,Volume Serial Number Changer,CMOSDeAnimator (Save/restore/reset BIOS),,Raid Reconstructor,,,,,System Explorer,,Ultimate Windows Tweaker (For Vista/7),,,
,FastCopy.cmd,,,PcDecrapifier.cmd,,,,,,,,VolumeSerialNumberChanger.cmd,CMOSDeAnimator.cmd,,RAIDRecontructor.cmd,,,,,SystemExplorer.cmd,,UltimateWindowsTweaker.cmd,,,
,Ghost\Ghost32,,,Print Flush (Fix Printer Problems),,,,,,,,PartitonAssistant (AOMEI),Content Advisor Password Remover,,Raw Copy,,,,,UnknownDevices,,Write Protect USB Devices on this PC,,,
,Ghost32.cmd,,,PrintFlush.cmd,,,,,,,,AOMEI.cmd,ContentAdvisorPasswordRemover.cmd,,RawCopy.cmd,,,,,UnknownDevices.cmd,,WriteProtectUSBDevicesOnThisPC.cmd,,,
,Ghost\Image Explorer,,,Remove All Non Present Drivers,,,,,,,,DynamicDisk Converter,Dialupass (VPN/RAS/Dialup passwords),,Recuva,,,,,Update Checker (From FileHippo),,Xp AntiSpy,,,
,GhostExp.cmd,,,RemoveNonPresentDrivers.cmd,,,,,,,,DDC.cmd,Dialupass.cmd,,Recuva.cmd,,,,,UpdateChecker.cmd,,XPAntiSpy.cmd,,,
,Ghost\GhostCast Server,,,Revo Uninstaller,,,,,,,,ParagonAlignment,Mail Password Viewer,,Restoration,,,,,,,NTboot Autofix,,,
,GhostSrv.bat,,,RevoUninstaller.cmd,,,,,,,,Alignment.cmd,MailPassView.cmd,,Restoration.cmd,,,,,,,NTBOOT.cmd,,,
,GImageX - ImageX GUI,,,SpaceMonger (Find big files on HDD),,,,,,,,Commandline\BootSect,MessenPass (Messenger Password),,ShadowExplorer (For Vista/7),,,,,,,,,,
,GImageX.cmd,,,SpaceMonger.cmd,,,,,,,,BootSect.cmd,MessenPass.cmd,,ShadowExplorer.cmd,,,,,,,,,,
,HDClone Professional,,,SpaceSniffer (Find big files on HDD),,,,,,,,Commandline\Diskman4,Network Password Recovery,,Smart Partition Recovery,,,,,,,,,,
,HDClone.bat,,,SpaceSniffer.cmd,,,,,,,,Diskman4.cmd,NetworkPasswordRecovery.cmd,,SmartPartitionRecovery.cmd,,,,,,,,,,
,Image For Windows,,,WinDirStat (Folders size check),,,,,,,,Commandline\FbInst (Install grub4dos),PST (Outlook) Password Recovery,,SoftPerfect File Recovery,,,,,,,,,,
,ImageForWindows.cmd,,,WinDirStat.cmd,,,,,,,,FbInst.cmd,PstPassword.cmd,,SoftPerfectFileRecovery.cmd,,,,,,,,,,
,ImgBurn (CD-DVD Burner),,,,,,,,,,,Commandline\MbrFix,Router IP / Passwords,,TestDisk (undelete partition),,,,,,,,,,
,ImgBurn.cmd,,,,,,,,,,,MbrFix.cmd,RouterPasswords.cmd,,TestDisk.cmd,,,,,,,,,,
,InfraRecorder (CD-DVD Burner),,,,,,,,,,,Commandline\MBR Utility,SniffPass (Listens to your network),,TrID File Identifier,,,,,,,,,,
,InfraRecorder.cmd,,,,,,,,,,,MBRUtility.cmd,SniffPass.cmd,,TrIDFileIdentifier.cmd,,,,,,,,,,
,Macrium Reflect (From MiniXp),,,,,,,,,,,Commandline\MBRWizard,WebBrowser Password Viewer (IE/Firefox/Chrome/Opera/Safari),,Undelete (Optional),,,,,,,,,,
,MacriumReflect.cmd,,,,,,,,,,,MBRWizard.cmd,WebBrowserPassView.cmd,,Undelete.cmd,,,,,,,,,,
,ODIN Open Disk Imager in a Nutshell (Hot Backup),,,,,,,,,,,Commandline\Syslinux,Wireless Key Viewer,,Unstoppable Copier,,,,,,,,,,
,ODINOpenDiskImagerinaNutshell.cmd,,,,,,,,,,,Syslinux.cmd,WirelessKeyView.cmd,,UnstoppableCopier.cmd,,,,,,,,,,
,Outlook Express Backup,,,,,,,,,,,,,,Xways WinHex,,,,,,,,,,
,OEBackup.bat,,,,,,,,,,,,,,WinHex.cmd,,,,,,,,,,
,Partition Saving,,,,,,,,,,,,,,,,,,,,,,,,
,PartSaving.cmd,,,,,,,,,,,,,,,,,,,,,,,,
,Raw Copy (by Roadkil),,,,,,,,,,,,,,,,,,,,,,,,
,RawCopy.cmd,,,,,,,,,,,,,,,,,,,,,,,,
,Registry Backup && Restore Tool,,,,,,,,,,,,,,,,,,,,,,,,
,RegistryBackup.cmd,,,,,,,,,,,,,,,,,,,,,,,,
,SelfImage,,,,,,,,,,,,,,,,,,,,,,,,
,SelfImage.cmd,,,,,,,,,,,,,,,,,,,,,,,,
,Shadow Copy,,,,,,,,,,,,,,,,,,,,,,,,
,ShadowCopy.cmd,,,,,,,,,,,,,,,,,,,,,,,,
,SnapShot,,,,,,,,,,,,,,,,,,,,,,,,
,SnapShot.cmd,,,,,,,,,,,,,,,,,,,,,,,,
,Splitter,,,,,,,,,,,,,,,,,,,,,,,,
,Splitter.exe,,,,,,,,,,,,,,,,,,,,,,,,
,TeraCopy,,,,,,,,,,,,,,,,,,,,,,,,
,TeraCopy.cmd,,,,,,,,,,,,,,,,,,,,,,,,
,Unstoppable Copier,,,,,,,,,,,,,,,,,,,,,,,,
,UnstoppableCopier.cmd,,,,,,,,,,,,,,,,,,,,,,,,
,XXClone,,,,,,,,,,,,,,,,,,,,,,,,
,XXClone.cmd,,,,,,,,,,,,,,,,,,,,,,,,
